13:32:53,paper,0.95,Recyclable
13:32:58,paper,0.81,Recyclable
13:33:03,plastic,0.9,Recyclable
13:33:08,paper,1.0,Recyclable
13:33:13,paper,0.76,Recyclable
13:33:19,paper,1.0,Recyclable
13:33:24,paper,0.78,Recyclable
13:33:29,plastic,0.82,Recyclable
13:33:34,paper,0.88,Recyclable
13:33:39,paper,0.87,Recyclable
13:33:44,paper,0.76,Recyclable
13:33:49,paper,1.0,Recyclable
13:33:54,paper,0.54,Recyclable
13:33:59,paper,1.0,Recyclable
13:34:04,paper,0.99,Recyclable
13:34:09,paper,1.0,Recyclable
13:34:14,paper,1.0,Recyclable
13:34:20,paper,0.99,Recyclable
13:34:25,paper,0.99,Recyclable
13:34:31,paper,0.94,Recyclable
13:34:36,paper,0.99,Recyclable
13:34:42,paper,0.96,Recyclable
13:34:47,paper,0.96,Recyclable
13:34:53,paper,1.0,Recyclable
13:34:59,paper,1.0,Recyclable
13:35:05,paper,0.79,Recyclable
13:35:12,plastic,0.97,Recyclable
